"Time","Contracts","Funding Interval","Funding Rate"
"2021-10-06 17:00:00","AXSUSDT Perpetual","8h","-0.0609%"
"2021-10-06 09:00:00","AXSUSDT Perpetual","8h","0.0100%"
"2021-10-06 01:00:00","AXSUSDT Perpetual","8h","-0.0498%"
"2021-10-05 17:00:00","AXSUSDT Perpetual","8h","-0.0170%"
"2021-10-05 09:00:00","AXSUSDT Perpetual","8h","-0.1174%"
"2021-10-05 01:00:00","AXSUSDT Perpetual","8h","-0.0236%"
"2021-10-04 17:00:00","AXSUSDT Perpetual","8h","-0.0646%"
"2021-10-04 09:00:00","AXSUSDT Perpetual","8h","-0.1657%"
"2021-10-04 01:00:00","AXSUSDT Perpetual","8h","-0.1069%"
"2021-10-03 17:00:00","AXSUSDT Perpetual","8h","-0.0736%"
"2021-10-03 09:00:00","AXSUSDT Perpetual","8h","-0.1000%"
"2021-10-03 01:00:00","AXSUSDT Perpetual","8h","-0.0821%"
"2021-10-02 17:00:00","AXSUSDT Perpetual","8h","-0.0075%"
"2021-10-02 09:00:00","AXSUSDT Perpetual","8h","-0.0440%"
"2021-10-02 01:00:00","AXSUSDT Perpetual","8h","-0.0043%"
"2021-10-01 17:00:00","AXSUSDT Perpetual","8h","-0.0473%"
"2021-10-01 09:00:00","AXSUSDT Perpetual","8h","-0.0090%"
"2021-10-01 01:00:00","AXSUSDT Perpetual","8h","-0.0005%"
"2021-09-30 17:00:00","AXSUSDT Perpetual","8h","0.0100%"
"2021-09-30 09:00:00","AXSUSDT Perpetual","8h","0.0100%"
"2021-09-30 01:00:00","AXSUSDT Perpetual","8h","0.0100%"
"2021-09-29 17:00:00","AXSUSDT Perpetual","8h","0.0100%"
"2021-09-29 09:00:00","AXSUSDT Perpetual","8h","0.0100%"
"2021-09-29 01:00:00","AXSUSDT Perpetual","8h","0.0100%"
"2021-09-28 17:00:00","AXSUSDT Perpetual","8h","0.0100%"
"2021-09-28 09:00:00","AXSUSDT Perpetual","8h","0.0100%"
"2021-09-28 01:00:00","AXSUSDT Perpetual","8h","0.0100%"
"2021-09-27 17:00:00","AXSUSDT Perpetual","8h","0.0100%"
"2021-09-27 09:00:00","AXSUSDT Perpetual","8h","0.0100%"
"2021-09-27 01:00:00","AXSUSDT Perpetual","8h","-0.0068%"
"2021-09-26 17:00:00","AXSUSDT Perpetual","8h","-0.0005%"
"2021-09-26 09:00:00","AXSUSDT Perpetual","8h","0.0002%"
"2021-09-26 01:00:00","AXSUSDT Perpetual","8h","0.0100%"
"2021-09-25 17:00:00","AXSUSDT Perpetual","8h","0.0100%"
"2021-09-25 09:00:00","AXSUSDT Perpetual","8h","0.0100%"
"2021-09-25 01:00:00","AXSUSDT Perpetual","8h","0.0100%"
"2021-09-24 17:00:00","AXSUSDT Perpetual","8h","0.0100%"
"2021-09-24 09:00:00","AXSUSDT Perpetual","8h","-0.0077%"
"2021-09-24 01:00:00","AXSUSDT Perpetual","8h","-0.0798%"
"2021-09-23 17:00:00","AXSUSDT Perpetual","8h","-0.0181%"
"2021-09-23 09:00:00","AXSUSDT Perpetual","8h","-0.0468%"
"2021-09-23 01:00:00","AXSUSDT Perpetual","8h","-0.0849%"
"2021-09-22 17:00:00","AXSUSDT Perpetual","8h","-0.0676%"
"2021-09-22 09:00:00","AXSUSDT Perpetual","8h","0.0100%"
"2021-09-22 01:00:00","AXSUSDT Perpetual","8h","0.0100%"
"2021-09-21 17:00:00","AXSUSDT Perpetual","8h","0.0096%"
"2021-09-21 09:00:00","AXSUSDT Perpetual","8h","0.0100%"
"2021-09-21 01:00:00","AXSUSDT Perpetual","8h","0.0092%"
"2021-09-20 17:00:00","AXSUSDT Perpetual","8h","0.0018%"
"2021-09-20 09:00:00","AXSUSDT Perpetual","8h","0.0076%"
"2021-09-20 01:00:00","AXSUSDT Perpetual","8h","0.0100%"
"2021-09-19 17:00:00","AXSUSDT Perpetual","8h","0.0100%"
"2021-09-19 09:00:00","AXSUSDT Perpetual","8h","0.0100%"
"2021-09-19 01:00:00","AXSUSDT Perpetual","8h","0.0100%"
"2021-09-18 17:00:00","AXSUSDT Perpetual","8h","0.0100%"
"2021-09-18 09:00:00","AXSUSDT Perpetual","8h","0.0142%"
"2021-09-18 01:00:00","AXSUSDT Perpetual","8h","0.0100%"
"2021-09-17 17:00:00","AXSUSDT Perpetual","8h","0.0100%"
"2021-09-17 09:00:00","AXSUSDT Perpetual","8h","0.0100%"
"2021-09-17 01:00:00","AXSUSDT Perpetual","8h","0.0100%"
"2021-09-16 17:00:00","AXSUSDT Perpetual","8h","0.0100%"
"2021-09-16 09:00:00","AXSUSDT Perpetual","8h","0.0100%"
"2021-09-16 01:00:00","AXSUSDT Perpetual","8h","0.0100%"
"2021-09-15 17:00:00","AXSUSDT Perpetual","8h","0.0100%"
"2021-09-15 09:00:00","AXSUSDT Perpetual","8h","0.0100%"
"2021-09-15 01:00:00","AXSUSDT Perpetual","8h","0.0100%"
"2021-09-14 17:00:00","AXSUSDT Perpetual","8h","0.0100%"
"2021-09-14 09:00:00","AXSUSDT Perpetual","8h","0.0100%"
"2021-09-14 01:00:00","AXSUSDT Perpetual","8h","0.0100%"
"2021-09-13 17:00:00","AXSUSDT Perpetual","8h","0.0100%"
"2021-09-13 09:00:00","AXSUSDT Perpetual","8h","0.0100%"
"2021-09-13 01:00:00","AXSUSDT Perpetual","8h","0.0100%"
"2021-09-12 17:00:00","AXSUSDT Perpetual","8h","0.0100%"
"2021-09-12 09:00:00","AXSUSDT Perpetual","8h","0.0100%"
"2021-09-12 01:00:00","AXSUSDT Perpetual","8h","0.0100%"
"2021-09-11 17:00:00","AXSUSDT Perpetual","8h","0.0100%"
"2021-09-11 09:00:00","AXSUSDT Perpetual","8h","0.0100%"
"2021-09-11 01:00:00","AXSUSDT Perpetual","8h","0.0100%"
"2021-09-10 17:00:00","AXSUSDT Perpetual","8h","0.0100%"
"2021-09-10 09:00:00","AXSUSDT Perpetual","8h","0.0100%"
"2021-09-10 01:00:00","AXSUSDT Perpetual","8h","0.0100%"
"2021-09-09 17:00:00","AXSUSDT Perpetual","8h","0.0100%"
"2021-09-09 09:00:00","AXSUSDT Perpetual","8h","0.0100%"
"2021-09-09 01:00:00","AXSUSDT Perpetual","8h","0.0100%"
"2021-09-08 17:00:00","AXSUSDT Perpetual","8h","0.0100%"
"2021-09-08 09:00:00","AXSUSDT Perpetual","8h","0.0100%"
"2021-09-08 01:00:00","AXSUSDT Perpetual","8h","0.0573%"
"2021-09-07 17:00:00","AXSUSDT Perpetual","8h","-0.2516%"
"2021-09-07 09:00:00","AXSUSDT Perpetual","8h","0.0872%"
"2021-09-07 01:00:00","AXSUSDT Perpetual","8h","0.0531%"
"2021-09-06 17:00:00","AXSUSDT Perpetual","8h","0.0246%"
"2021-09-06 09:00:00","AXSUSDT Perpetual","8h","0.1247%"
"2021-09-06 01:00:00","AXSUSDT Perpetual","8h","0.1064%"
"2021-09-05 17:00:00","AXSUSDT Perpetual","8h","0.1402%"
"2021-09-05 09:00:00","AXSUSDT Perpetual","8h","0.0635%"
"2021-09-05 01:00:00","AXSUSDT Perpetual","8h","0.1012%"
"2021-09-04 17:00:00","AXSUSDT Perpetual","8h","0.1303%"
"2021-09-04 09:00:00","AXSUSDT Perpetual","8h","0.1425%"
"2021-09-04 01:00:00","AXSUSDT Perpetual","8h","0.0237%"
"2021-09-03 17:00:00","AXSUSDT Perpetual","8h","0.0606%"
"2021-09-03 09:00:00","AXSUSDT Perpetual","8h","0.0820%"
"2021-09-03 01:00:00","AXSUSDT Perpetual","8h","0.0452%"
"2021-09-02 17:00:00","AXSUSDT Perpetual","8h","0.0737%"
"2021-09-02 09:00:00","AXSUSDT Perpetual","8h","0.0747%"
"2021-09-02 01:00:00","AXSUSDT Perpetual","8h","0.0859%"
"2021-09-01 17:00:00","AXSUSDT Perpetual","8h","0.0412%"
"2021-09-01 09:00:00","AXSUSDT Perpetual","8h","0.0279%"
"2021-09-01 01:00:00","AXSUSDT Perpetual","8h","0.0256%"
"2021-08-31 17:00:00","AXSUSDT Perpetual","8h","0.0385%"
"2021-08-31 09:00:00","AXSUSDT Perpetual","8h","0.0636%"
"2021-08-31 01:00:00","AXSUSDT Perpetual","8h","0.0614%"
"2021-08-30 17:00:00","AXSUSDT Perpetual","8h","0.0121%"
"2021-08-30 09:00:00","AXSUSDT Perpetual","8h","0.0728%"
"2021-08-30 01:00:00","AXSUSDT Perpetual","8h","0.0466%"
"2021-08-29 17:00:00","AXSUSDT Perpetual","8h","0.0340%"
"2021-08-29 09:00:00","AXSUSDT Perpetual","8h","0.0238%"
"2021-08-29 01:00:00","AXSUSDT Perpetual","8h","0.0272%"
"2021-08-28 17:00:00","AXSUSDT Perpetual","8h","0.0334%"
"2021-08-28 09:00:00","AXSUSDT Perpetual","8h","0.0321%"
"2021-08-28 01:00:00","AXSUSDT Perpetual","8h","0.0100%"
"2021-08-27 17:00:00","AXSUSDT Perpetual","8h","0.0100%"
"2021-08-27 09:00:00","AXSUSDT Perpetual","8h","0.0100%"
"2021-08-27 01:00:00","AXSUSDT Perpetual","8h","0.0100%"
"2021-08-26 17:00:00","AXSUSDT Perpetual","8h","0.0182%"
"2021-08-26 09:00:00","AXSUSDT Perpetual","8h","0.0100%"
"2021-08-26 01:00:00","AXSUSDT Perpetual","8h","0.0232%"
"2021-08-25 17:00:00","AXSUSDT Perpetual","8h","0.0100%"
"2021-08-25 09:00:00","AXSUSDT Perpetual","8h","0.0105%"
"2021-08-25 01:00:00","AXSUSDT Perpetual","8h","0.0123%"
"2021-08-24 17:00:00","AXSUSDT Perpetual","8h","0.0344%"
"2021-08-24 09:00:00","AXSUSDT Perpetual","8h","0.0818%"
"2021-08-24 01:00:00","AXSUSDT Perpetual","8h","0.0332%"
"2021-08-23 17:00:00","AXSUSDT Perpetual","8h","0.0281%"
"2021-08-23 09:00:00","AXSUSDT Perpetual","8h","0.0949%"
"2021-08-23 01:00:00","AXSUSDT Perpetual","8h","0.0100%"
"2021-08-22 17:00:00","AXSUSDT Perpetual","8h","0.0100%"
"2021-08-22 09:00:00","AXSUSDT Perpetual","8h","0.0123%"
"2021-08-22 01:00:00","AXSUSDT Perpetual","8h","0.0100%"
"2021-08-21 17:00:00","AXSUSDT Perpetual","8h","0.0171%"
"2021-08-21 09:00:00","AXSUSDT Perpetual","8h","0.0783%"
"2021-08-21 01:00:00","AXSUSDT Perpetual","8h","0.0386%"
"2021-08-20 17:00:00","AXSUSDT Perpetual","8h","0.0386%"
"2021-08-20 09:00:00","AXSUSDT Perpetual","8h","0.0599%"
"2021-08-20 01:00:00","AXSUSDT Perpetual","8h","0.0449%"
"2021-08-19 17:00:00","AXSUSDT Perpetual","8h","0.0189%"
"2021-08-19 09:00:00","AXSUSDT Perpetual","8h","0.0266%"
"2021-08-19 01:00:00","AXSUSDT Perpetual","8h","0.0100%"
"2021-08-18 17:00:00","AXSUSDT Perpetual","8h","0.0100%"
"2021-08-18 09:00:00","AXSUSDT Perpetual","8h","0.0100%"
"2021-08-18 01:00:00","AXSUSDT Perpetual","8h","0.0229%"
"2021-08-17 17:00:00","AXSUSDT Perpetual","8h","0.0364%"
"2021-08-17 09:00:00","AXSUSDT Perpetual","8h","0.0347%"
"2021-08-17 01:00:00","AXSUSDT Perpetual","8h","0.0410%"
"2021-08-16 17:00:00","AXSUSDT Perpetual","8h","0.0734%"
"2021-08-16 09:00:00","AXSUSDT Perpetual","8h","0.0475%"
"2021-08-16 01:00:00","AXSUSDT Perpetual","8h","0.0646%"
"2021-08-15 17:00:00","AXSUSDT Perpetual","8h","0.0870%"
"2021-08-15 09:00:00","AXSUSDT Perpetual","8h","0.0820%"
"2021-08-15 01:00:00","AXSUSDT Perpetual","8h","0.0428%"
"2021-08-14 17:00:00","AXSUSDT Perpetual","8h","0.0843%"
"2021-08-14 09:00:00","AXSUSDT Perpetual","8h","0.0774%"
"2021-08-14 01:00:00","AXSUSDT Perpetual","8h","0.0100%"
"2021-08-13 17:00:00","AXSUSDT Perpetual","8h","0.0100%"
"2021-08-13 09:00:00","AXSUSDT Perpetual","8h","0.0100%"
"2021-08-13 01:00:00","AXSUSDT Perpetual","8h","-0.0058%"
"2021-08-12 17:00:00","AXSUSDT Perpetual","8h","0.0100%"
"2021-08-12 09:00:00","AXSUSDT Perpetual","8h","0.0100%"
"2021-08-12 01:00:00","AXSUSDT Perpetual","8h","0.0100%"
"2021-08-11 17:00:00","AXSUSDT Perpetual","8h","0.0871%"
"2021-08-11 09:00:00","AXSUSDT Perpetual","8h","0.0100%"
"2021-08-11 01:00:00","AXSUSDT Perpetual","8h","0.0220%"
"2021-08-10 17:00:00","AXSUSDT Perpetual","8h","-0.0081%"
"2021-08-10 09:00:00","AXSUSDT Perpetual","8h","0.0217%"
"2021-08-10 01:00:00","AXSUSDT Perpetual","8h","0.0100%"
"2021-08-09 17:00:00","AXSUSDT Perpetual","8h","0.0107%"
"2021-08-09 09:00:00","AXSUSDT Perpetual","8h","0.0325%"
"2021-08-09 01:00:00","AXSUSDT Perpetual","8h","0.0119%"
"2021-08-08 17:00:00","AXSUSDT Perpetual","8h","0.0288%"
"2021-08-08 09:00:00","AXSUSDT Perpetual","8h","0.1089%"
"2021-08-08 01:00:00","AXSUSDT Perpetual","8h","0.0213%"
"2021-08-07 17:00:00","AXSUSDT Perpetual","8h","0.0437%"
"2021-08-07 09:00:00","AXSUSDT Perpetual","8h","0.0100%"
"2021-08-07 01:00:00","AXSUSDT Perpetual","8h","-0.0786%"
"2021-08-06 17:00:00","AXSUSDT Perpetual","8h","0.0100%"
"2021-08-06 09:00:00","AXSUSDT Perpetual","8h","0.0088%"
"2021-08-06 01:00:00","AXSUSDT Perpetual","8h","0.0100%"
"2021-08-05 17:00:00","AXSUSDT Perpetual","8h","0.0040%"
"2021-08-05 09:00:00","AXSUSDT Perpetual","8h","-0.0258%"
"2021-08-05 01:00:00","AXSUSDT Perpetual","8h","-0.0348%"
"2021-08-04 17:00:00","AXSUSDT Perpetual","8h","-0.0951%"
"2021-08-04 09:00:00","AXSUSDT Perpetual","8h","-0.1072%"
"2021-08-04 01:00:00","AXSUSDT Perpetual","8h","-0.0154%"
"2021-08-03 17:00:00","AXSUSDT Perpetual","8h","0.0100%"
"2021-08-03 09:00:00","AXSUSDT Perpetual","8h","0.0100%"
"2021-08-03 01:00:00","AXSUSDT Perpetual","8h","0.0074%"
"2021-08-02 17:00:00","AXSUSDT Perpetual","8h","0.0063%"
"2021-08-02 09:00:00","AXSUSDT Perpetual","8h","-0.0361%"
"2021-08-02 01:00:00","AXSUSDT Perpetual","8h","0.0100%"
"2021-08-01 17:00:00","AXSUSDT Perpetual","8h","0.0100%"
"2021-08-01 09:00:00","AXSUSDT Perpetual","8h","0.0100%"
"2021-08-01 01:00:00","AXSUSDT Perpetual","8h","0.0100%"
"2021-07-31 17:00:00","AXSUSDT Perpetual","8h","0.0100%"
"2021-07-31 09:00:00","AXSUSDT Perpetual","8h","0.0100%"
"2021-07-31 01:00:00","AXSUSDT Perpetual","8h","-0.0008%"
"2021-07-30 17:00:00","AXSUSDT Perpetual","8h","0.0100%"
"2021-07-30 09:00:00","AXSUSDT Perpetual","8h","-0.0326%"
"2021-07-30 01:00:00","AXSUSDT Perpetual","8h","-0.0210%"
"2021-07-29 17:00:00","AXSUSDT Perpetual","8h","-0.0154%"
"2021-07-29 09:00:00","AXSUSDT Perpetual","8h","-0.0386%"
"2021-07-29 01:00:00","AXSUSDT Perpetual","8h","-0.0184%"
"2021-07-28 17:00:00","AXSUSDT Perpetual","8h","-0.0753%"
"2021-07-28 09:00:00","AXSUSDT Perpetual","8h","-0.0848%"
"2021-07-28 01:00:00","AXSUSDT Perpetual","8h","-0.0792%"
"2021-07-27 17:00:00","AXSUSDT Perpetual","8h","-0.0578%"
"2021-07-27 09:00:00","AXSUSDT Perpetual","8h","-0.1183%"
"2021-07-27 01:00:00","AXSUSDT Perpetual","8h","-0.1123%"
"2021-07-26 17:00:00","AXSUSDT Perpetual","8h","-0.1349%"
"2021-07-26 09:00:00","AXSUSDT Perpetual","8h","-0.0211%"
"2021-07-26 01:00:00","AXSUSDT Perpetual","8h","-0.0478%"
"2021-07-25 17:00:00","AXSUSDT Perpetual","8h","-0.0927%"
"2021-07-25 09:00:00","AXSUSDT Perpetual","8h","-0.1453%"
"2021-07-25 01:00:00","AXSUSDT Perpetual","8h","-0.1810%"
"2021-07-24 17:00:00","AXSUSDT Perpetual","8h","-0.1445%"
"2021-07-24 09:00:00","AXSUSDT Perpetual","8h","-0.1122%"
"2021-07-24 01:00:00","AXSUSDT Perpetual","8h","-0.0279%"
"2021-07-23 17:00:00","AXSUSDT Perpetual","8h","-0.1816%"
"2021-07-23 09:00:00","AXSUSDT Perpetual","8h","-0.1898%"
"2021-07-23 01:00:00","AXSUSDT Perpetual","8h","-0.1463%"
"2021-07-22 17:00:00","AXSUSDT Perpetual","8h","-0.1428%"
"2021-07-22 09:00:00","AXSUSDT Perpetual","8h","-0.2605%"
"2021-07-22 01:00:00","AXSUSDT Perpetual","8h","-0.2651%"
"2021-07-21 17:00:00","AXSUSDT Perpetual","8h","-0.2141%"
"2021-07-21 09:00:00","AXSUSDT Perpetual","8h","-0.1902%"
"2021-07-21 01:00:00","AXSUSDT Perpetual","8h","-0.1192%"
"2021-07-20 17:00:00","AXSUSDT Perpetual","8h","-0.0999%"
"2021-07-20 09:00:00","AXSUSDT Perpetual","8h","-0.0512%"
"2021-07-20 01:00:00","AXSUSDT Perpetual","8h","-0.1394%"
"2021-07-19 17:00:00","AXSUSDT Perpetual","8h","-0.1082%"
"2021-07-19 09:00:00","AXSUSDT Perpetual","8h","-0.1462%"
"2021-07-19 01:00:00","AXSUSDT Perpetual","8h","-0.1193%"
"2021-07-18 17:00:00","AXSUSDT Perpetual","8h","-0.0981%"
"2021-07-18 09:00:00","AXSUSDT Perpetual","8h","-0.1657%"
"2021-07-18 01:00:00","AXSUSDT Perpetual","8h","-0.0743%"
"2021-07-17 17:00:00","AXSUSDT Perpetual","8h","-0.0046%"
"2021-07-17 09:00:00","AXSUSDT Perpetual","8h","-0.0828%"
"2021-07-17 01:00:00","AXSUSDT Perpetual","8h","-0.0769%"
"2021-07-16 17:00:00","AXSUSDT Perpetual","8h","-0.1217%"
"2021-07-16 09:00:00","AXSUSDT Perpetual","8h","-0.1114%"
"2021-07-16 01:00:00","AXSUSDT Perpetual","8h","-0.0391%"
"2021-07-15 17:00:00","AXSUSDT Perpetual","8h","-0.1339%"
"2021-07-15 09:00:00","AXSUSDT Perpetual","8h","-0.2213%"
"2021-07-15 01:00:00","AXSUSDT Perpetual","8h","-0.1221%"
"2021-07-14 17:00:00","AXSUSDT Perpetual","8h","-0.2244%"
"2021-07-14 09:00:00","AXSUSDT Perpetual","8h","-0.1351%"
"2021-07-14 01:00:00","AXSUSDT Perpetual","8h","-0.0886%"
"2021-07-13 17:00:00","AXSUSDT Perpetual","8h","-0.2155%"
"2021-07-13 09:00:00","AXSUSDT Perpetual","8h","-0.2569%"
"2021-07-13 01:00:00","AXSUSDT Perpetual","8h","-0.0820%"
"2021-07-12 17:00:00","AXSUSDT Perpetual","8h","-0.1021%"
"2021-07-12 09:00:00","AXSUSDT Perpetual","8h","-0.1302%"
"2021-07-12 01:00:00","AXSUSDT Perpetual","8h","-0.1641%"
"2021-07-11 17:00:00","AXSUSDT Perpetual","8h","-0.1652%"
"2021-07-11 09:00:00","AXSUSDT Perpetual","8h","-0.1446%"
"2021-07-11 01:00:00","AXSUSDT Perpetual","8h","-0.3277%"
"2021-07-10 17:00:00","AXSUSDT Perpetual","8h","-0.2583%"
"2021-07-10 09:00:00","AXSUSDT Perpetual","8h","-0.2408%"
"2021-07-10 01:00:00","AXSUSDT Perpetual","8h","-0.2833%"
"2021-07-09 17:00:00","AXSUSDT Perpetual","8h","-0.2993%"
"2021-07-09 09:00:00","AXSUSDT Perpetual","8h","-0.1340%"
"2021-07-09 01:00:00","AXSUSDT Perpetual","8h","-0.0464%"
"2021-07-08 17:00:00","AXSUSDT Perpetual","8h","-0.0941%"
"2021-07-08 09:00:00","AXSUSDT Perpetual","8h","-0.0964%"
"2021-07-08 01:00:00","AXSUSDT Perpetual","8h","-0.0711%"
"2021-07-07 17:00:00","AXSUSDT Perpetual","8h","-0.7500%"
"2021-07-07 09:00:00","AXSUSDT Perpetual","8h","-0.1971%"
"2021-07-07 01:00:00","AXSUSDT Perpetual","8h","-0.1236%"
"2021-07-06 17:00:00","AXSUSDT Perpetual","8h","-0.1148%"
"2021-07-06 09:00:00","AXSUSDT Perpetual","8h","-0.1513%"
"2021-07-06 01:00:00","AXSUSDT Perpetual","8h","-0.0958%"
"2021-07-05 17:00:00","AXSUSDT Perpetual","8h","-0.0475%"
"2021-07-05 09:00:00","AXSUSDT Perpetual","8h","-0.0378%"
"2021-07-05 01:00:00","AXSUSDT Perpetual","8h","-0.1990%"
"2021-07-04 17:00:00","AXSUSDT Perpetual","8h","-0.2578%"
"2021-07-04 09:00:00","AXSUSDT Perpetual","8h","-0.3656%"
"2021-07-04 01:00:00","AXSUSDT Perpetual","8h","-0.3486%"
"2021-07-03 17:00:00","AXSUSDT Perpetual","8h","-0.1544%"
"2021-07-03 09:00:00","AXSUSDT Perpetual","8h","-0.0878%"
"2021-07-03 01:00:00","AXSUSDT Perpetual","8h","-0.1404%"
"2021-07-02 17:00:00","AXSUSDT Perpetual","8h","-0.2195%"
"2021-07-02 09:00:00","AXSUSDT Perpetual","8h","-0.1220%"
"2021-07-02 01:00:00","AXSUSDT Perpetual","8h","-0.0902%"
"2021-07-01 17:00:00","AXSUSDT Perpetual","8h","-0.0775%"
"2021-07-01 09:00:00","AXSUSDT Perpetual","8h","-0.0227%"
"2021-07-01 01:00:00","AXSUSDT Perpetual","8h","-0.0731%"
"2021-06-30 17:00:00","AXSUSDT Perpetual","8h","-0.0150%"
"2021-06-30 09:00:00","AXSUSDT Perpetual","8h","-0.0650%"
"2021-06-30 01:00:00","AXSUSDT Perpetual","8h","0.0100%"
"2021-06-29 17:00:00","AXSUSDT Perpetual","8h","0.0100%"
"2021-06-29 09:00:00","AXSUSDT Perpetual","8h","0.0100%"
"2021-06-29 01:00:00","AXSUSDT Perpetual","8h","0.0100%"
"2021-06-28 17:00:00","AXSUSDT Perpetual","8h","0.0100%"
"2021-06-28 09:00:00","AXSUSDT Perpetual","8h","0.0100%"
"2021-06-28 01:00:00","AXSUSDT Perpetual","8h","0.0100%"
"2021-06-27 17:00:00","AXSUSDT Perpetual","8h","-0.0144%"
"2021-06-27 09:00:00","AXSUSDT Perpetual","8h","-0.0004%"
"2021-06-27 01:00:00","AXSUSDT Perpetual","8h","0.0041%"
"2021-06-26 17:00:00","AXSUSDT Perpetual","8h","-0.0014%"
"2021-06-26 09:00:00","AXSUSDT Perpetual","8h","0.0100%"
"2021-06-26 01:00:00","AXSUSDT Perpetual","8h","0.0100%"
"2021-06-25 17:00:00","AXSUSDT Perpetual","8h","0.0082%"
"2021-06-25 09:00:00","AXSUSDT Perpetual","8h","-0.0096%"
"2021-06-25 01:00:00","AXSUSDT Perpetual","8h","-0.0136%"
"2021-06-24 17:00:00","AXSUSDT Perpetual","8h","0.0100%"
"2021-06-24 09:00:00","AXSUSDT Perpetual","8h","-0.0021%"
"2021-06-24 01:00:00","AXSUSDT Perpetual","8h","-0.0156%"
"2021-06-23 17:00:00","AXSUSDT Perpetual","8h","0.0015%"
"2021-06-23 09:00:00","AXSUSDT Perpetual","8h","-0.0031%"
"2021-06-23 01:00:00","AXSUSDT Perpetual","8h","-0.0173%"
"2021-06-22 17:00:00","AXSUSDT Perpetual","8h","-0.0151%"
"2021-06-22 09:00:00","AXSUSDT Perpetual","8h","-0.0018%"
"2021-06-22 01:00:00","AXSUSDT Perpetual","8h","-0.0134%"
"2021-06-21 17:00:00","AXSUSDT Perpetual","8h","-0.0068%"
"2021-06-21 09:00:00","AXSUSDT Perpetual","8h","0.0100%"
"2021-06-21 01:00:00","AXSUSDT Perpetual","8h","0.0100%"
"2021-06-20 17:00:00","AXSUSDT Perpetual","8h","-0.0143%"
"2021-06-20 09:00:00","AXSUSDT Perpetual","8h","0.0071%"
"2021-06-20 01:00:00","AXSUSDT Perpetual","8h","-0.0089%"
"2021-06-19 17:00:00","AXSUSDT Perpetual","8h","0.0100%"
"2021-06-19 09:00:00","AXSUSDT Perpetual","8h","0.0100%"
"2021-06-19 01:00:00","AXSUSDT Perpetual","8h","0.0100%"
"2021-06-18 17:00:00","AXSUSDT Perpetual","8h","0.0100%"
"2021-06-18 09:00:00","AXSUSDT Perpetual","8h","-0.0092%"
"2021-06-18 01:00:00","AXSUSDT Perpetual","8h","0.0100%"
"2021-06-17 17:00:00","AXSUSDT Perpetual","8h","0.0100%"
"2021-06-17 09:00:00","AXSUSDT Perpetual","8h","0.0100%"
"2021-06-17 01:00:00","AXSUSDT Perpetual","8h","0.0100%"
"2021-06-16 17:00:00","AXSUSDT Perpetual","8h","0.0100%"
"2021-06-16 09:00:00","AXSUSDT Perpetual","8h","0.0100%"
"2021-06-16 01:00:00","AXSUSDT Perpetual","8h","0.0100%"
"2021-06-15 17:00:00","AXSUSDT Perpetual","8h","0.0100%"
"2021-06-15 09:00:00","AXSUSDT Perpetual","8h","0.0100%"
"2021-06-15 01:00:00","AXSUSDT Perpetual","8h","0.0100%"
"2021-06-14 17:00:00","AXSUSDT Perpetual","8h","0.0100%"
"2021-06-14 09:00:00","AXSUSDT Perpetual","8h","0.0100%"
"2021-06-14 01:00:00","AXSUSDT Perpetual","8h","0.0100%"
"2021-06-13 17:00:00","AXSUSDT Perpetual","8h","0.0100%"
"2021-06-13 09:00:00","AXSUSDT Perpetual","8h","0.0100%"
"2021-06-13 01:00:00","AXSUSDT Perpetual","8h","0.0100%"
"2021-06-12 17:00:00","AXSUSDT Perpetual","8h","0.0100%"
"2021-06-12 09:00:00","AXSUSDT Perpetual","8h","0.0100%"
"2021-06-12 01:00:00","AXSUSDT Perpetual","8h","0.0100%"
"2021-06-11 17:00:00","AXSUSDT Perpetual","8h","0.0100%"
"2021-06-11 09:00:00","AXSUSDT Perpetual","8h","0.0100%"
"2021-06-11 01:00:00","AXSUSDT Perpetual","8h","0.0100%"
"2021-06-10 17:00:00","AXSUSDT Perpetual","8h","0.0100%"
"2021-06-10 09:00:00","AXSUSDT Perpetual","8h","0.0100%"
"2021-06-10 01:00:00","AXSUSDT Perpetual","8h","0.0100%"
"2021-06-09 17:00:00","AXSUSDT Perpetual","8h","0.0100%"
"2021-06-09 09:00:00","AXSUSDT Perpetual","8h","-0.0091%"
"2021-06-09 01:00:00","AXSUSDT Perpetual","8h","0.0100%"
"2021-06-08 17:00:00","AXSUSDT Perpetual","8h","0.0100%"
"2021-06-08 09:00:00","AXSUSDT Perpetual","8h","0.0100%"
"2021-06-08 01:00:00","AXSUSDT Perpetual","8h","0.0100%"
"2021-06-07 17:00:00","AXSUSDT Perpetual","8h","0.0100%"
"2021-06-07 09:00:00","AXSUSDT Perpetual","8h","0.0100%"
"2021-06-07 01:00:00","AXSUSDT Perpetual","8h","0.0024%"
"2021-06-06 17:00:00","AXSUSDT Perpetual","8h","0.0100%"
"2021-06-06 09:00:00","AXSUSDT Perpetual","8h","0.0089%"
"2021-06-06 01:00:00","AXSUSDT Perpetual","8h","-0.0114%"
"2021-06-05 17:00:00","AXSUSDT Perpetual","8h","-0.0148%"
"2021-06-05 09:00:00","AXSUSDT Perpetual","8h","0.0100%"
"2021-06-05 01:00:00","AXSUSDT Perpetual","8h","0.0076%"
"2021-06-04 17:00:00","AXSUSDT Perpetual","8h","0.0087%"
"2021-06-04 09:00:00","AXSUSDT Perpetual","8h","0.0100%"
"2021-06-04 01:00:00","AXSUSDT Perpetual","8h","0.0100%"
"2021-06-03 17:00:00","AXSUSDT Perpetual","8h","0.0053%"
"2021-06-03 09:00:00","AXSUSDT Perpetual","8h","0.0100%"
"2021-06-03 01:00:00","AXSUSDT Perpetual","8h","0.0100%"
"2021-06-02 17:00:00","AXSUSDT Perpetual","8h","0.0100%"
"2021-06-02 09:00:00","AXSUSDT Perpetual","8h","0.0100%"
"2021-06-02 01:00:00","AXSUSDT Perpetual","8h","0.0100%"
"2021-06-01 17:00:00","AXSUSDT Perpetual","8h","0.0010%"
"2021-06-01 09:00:00","AXSUSDT Perpetual","8h","0.0100%"
"2021-06-01 01:00:00","AXSUSDT Perpetual","8h","0.0100%"
"2021-05-31 17:00:00","AXSUSDT Perpetual","8h","0.0043%"
"2021-05-31 09:00:00","AXSUSDT Perpetual","8h","0.0012%"
"2021-05-31 01:00:00","AXSUSDT Perpetual","8h","0.0100%"
"2021-05-30 17:00:00","AXSUSDT Perpetual","8h","0.0100%"
"2021-05-30 09:00:00","AXSUSDT Perpetual","8h","-0.1013%"
"2021-05-30 01:00:00","AXSUSDT Perpetual","8h","-0.0369%"
"2021-05-29 17:00:00","AXSUSDT Perpetual","8h","0.0100%"
"2021-05-29 09:00:00","AXSUSDT Perpetual","8h","-0.0288%"
"2021-05-29 01:00:00","AXSUSDT Perpetual","8h","0.0100%"
"2021-05-28 17:00:00","AXSUSDT Perpetual","8h","-0.0140%"
"2021-05-28 09:00:00","AXSUSDT Perpetual","8h","-0.0693%"
"2021-05-28 01:00:00","AXSUSDT Perpetual","8h","-0.1811%"
"2021-05-27 17:00:00","AXSUSDT Perpetual","8h","-0.1131%"
"2021-05-27 09:00:00","AXSUSDT Perpetual","8h","-0.0675%"
"2021-05-27 01:00:00","AXSUSDT Perpetual","8h","-0.0791%"
"2021-05-26 17:00:00","AXSUSDT Perpetual","8h","-0.0614%"
"2021-05-26 09:00:00","AXSUSDT Perpetual","8h","-0.0291%"
"2021-05-26 01:00:00","AXSUSDT Perpetual","8h","-0.2879%"
"2021-05-25 17:00:00","AXSUSDT Perpetual","8h","0.0100%"
"2021-05-25 09:00:00","AXSUSDT Perpetual","8h","-0.0575%"
"2021-05-25 01:00:00","AXSUSDT Perpetual","8h","-0.0773%"
"2021-05-24 17:00:00","AXSUSDT Perpetual","8h","-0.0960%"
"2021-05-24 09:00:00","AXSUSDT Perpetual","8h","-0.0722%"
"2021-05-24 01:00:00","AXSUSDT Perpetual","8h","-0.0392%"
"2021-05-23 17:00:00","AXSUSDT Perpetual","8h","0.0100%"
"2021-05-23 09:00:00","AXSUSDT Perpetual","8h","-0.0458%"
"2021-05-23 01:00:00","AXSUSDT Perpetual","8h","-0.0825%"
"2021-05-22 17:00:00","AXSUSDT Perpetual","8h","-0.0099%"
"2021-05-22 09:00:00","AXSUSDT Perpetual","8h","-0.0336%"
"2021-05-22 01:00:00","AXSUSDT Perpetual","8h","-0.0664%"
"2021-05-21 17:00:00","AXSUSDT Perpetual","8h","-0.0314%"
"2021-05-21 09:00:00","AXSUSDT Perpetual","8h","-0.0446%"
"2021-05-21 01:00:00","AXSUSDT Perpetual","8h","-0.0619%"
"2021-05-20 17:00:00","AXSUSDT Perpetual","8h","-0.0958%"
"2021-05-20 09:00:00","AXSUSDT Perpetual","8h","-0.0793%"
"2021-05-20 01:00:00","AXSUSDT Perpetual","8h","-0.1641%"
"2021-05-19 17:00:00","AXSUSDT Perpetual","8h","-0.7500%"
"2021-05-19 09:00:00","AXSUSDT Perpetual","8h","-0.0053%"
"2021-05-19 01:00:00","AXSUSDT Perpetual","8h","-0.0220%"
"2021-05-18 17:00:00","AXSUSDT Perpetual","8h","0.0100%"
"2021-05-18 09:00:00","AXSUSDT Perpetual","8h","-0.0518%"
"2021-05-18 01:00:00","AXSUSDT Perpetual","8h","-0.0305%"
"2021-05-17 17:00:00","AXSUSDT Perpetual","8h","-0.0302%"
"2021-05-17 09:00:00","AXSUSDT Perpetual","8h","-0.0663%"
"2021-05-17 01:00:00","AXSUSDT Perpetual","8h","-0.1034%"
"2021-05-16 17:00:00","AXSUSDT Perpetual","8h","-0.0532%"
"2021-05-16 09:00:00","AXSUSDT Perpetual","8h","-0.0131%"
"2021-05-16 01:00:00","AXSUSDT Perpetual","8h","-0.1366%"
"2021-05-15 17:00:00","AXSUSDT Perpetual","8h","-0.0780%"
"2021-05-15 09:00:00","AXSUSDT Perpetual","8h","-0.0641%"
"2021-05-15 01:00:00","AXSUSDT Perpetual","8h","-0.0835%"
"2021-05-14 17:00:00","AXSUSDT Perpetual","8h","-0.0123%"
"2021-05-14 09:00:00","AXSUSDT Perpetual","8h","-0.0454%"
"2021-05-14 01:00:00","AXSUSDT Perpetual","8h","-0.0621%"
"2021-05-13 17:00:00","AXSUSDT Perpetual","8h","-0.0618%"
"2021-05-13 09:00:00","AXSUSDT Perpetual","8h","-0.0769%"
"2021-05-13 01:00:00","AXSUSDT Perpetual","8h","-0.0837%"
"2021-05-12 17:00:00","AXSUSDT Perpetual","8h","-0.0338%"
"2021-05-12 09:00:00","AXSUSDT Perpetual","8h","0.0100%"
"2021-05-12 01:00:00","AXSUSDT Perpetual","8h","0.0055%"
"2021-05-11 17:00:00","AXSUSDT Perpetual","8h","-0.0315%"
"2021-05-11 09:00:00","AXSUSDT Perpetual","8h","0.0100%"
"2021-05-11 01:00:00","AXSUSDT Perpetual","8h","0.0100%"
"2021-05-10 17:00:00","AXSUSDT Perpetual","8h","0.0208%"
"2021-05-10 09:00:00","AXSUSDT Perpetual","8h","0.0298%"
"2021-05-10 01:00:00","AXSUSDT Perpetual","8h","0.0100%"
"2021-05-09 17:00:00","AXSUSDT Perpetual","8h","0.0100%"
"2021-05-09 09:00:00","AXSUSDT Perpetual","8h","0.0100%"
"2021-05-09 01:00:00","AXSUSDT Perpetual","8h","0.0100%"
"2021-05-08 17:00:00","AXSUSDT Perpetual","8h","0.0296%"
"2021-05-08 09:00:00","AXSUSDT Perpetual","8h","0.0357%"
"2021-05-08 01:00:00","AXSUSDT Perpetual","8h","0.0100%"
"2021-05-07 17:00:00","AXSUSDT Perpetual","8h","0.0478%"
"2021-05-07 09:00:00","AXSUSDT Perpetual","8h","0.0100%"
"2021-05-07 01:00:00","AXSUSDT Perpetual","8h","0.0763%"
"2021-05-06 17:00:00","AXSUSDT Perpetual","8h","0.2001%"
"2021-05-06 09:00:00","AXSUSDT Perpetual","8h","0.1186%"
"2021-05-06 01:00:00","AXSUSDT Perpetual","8h","0.1042%"
"2021-05-05 17:00:00","AXSUSDT Perpetual","8h","0.0855%"
"2021-05-05 09:00:00","AXSUSDT Perpetual","8h","0.1026%"
"2021-05-05 01:00:00","AXSUSDT Perpetual","8h","0.0553%"
"2021-05-04 17:00:00","AXSUSDT Perpetual","8h","0.0758%"
"2021-05-04 09:00:00","AXSUSDT Perpetual","8h","0.0100%"
"2021-05-04 01:00:00","AXSUSDT Perpetual","8h","0.1162%"
"2021-05-03 17:00:00","AXSUSDT Perpetual","8h","0.1170%"
"2021-05-03 09:00:00","AXSUSDT Perpetual","8h","0.0967%"
"2021-05-03 01:00:00","AXSUSDT Perpetual","8h","0.0228%"
"2021-05-02 17:00:00","AXSUSDT Perpetual","8h","0.0811%"
"2021-05-02 09:00:00","AXSUSDT Perpetual","8h","0.0100%"
"2021-05-02 01:00:00","AXSUSDT Perpetual","8h","-0.0510%"
"2021-05-01 17:00:00","AXSUSDT Perpetual","8h","0.0100%"
"2021-05-01 09:00:00","AXSUSDT Perpetual","8h","0.0100%"
"2021-05-01 01:00:00","AXSUSDT Perpetual","8h","-0.0311%"
"2021-04-30 17:00:00","AXSUSDT Perpetual","8h","0.0100%"
"2021-04-30 09:00:00","AXSUSDT Perpetual","8h","0.0100%"
"2021-04-30 01:00:00","AXSUSDT Perpetual","8h","-0.0462%"
"2021-04-29 17:00:00","AXSUSDT Perpetual","8h","-0.0953%"
"2021-04-29 09:00:00","AXSUSDT Perpetual","8h","-0.0509%"
"2021-04-29 01:00:00","AXSUSDT Perpetual","8h","-0.0574%"
"2021-04-28 17:00:00","AXSUSDT Perpetual","8h","-0.0253%"
"2021-04-28 09:00:00","AXSUSDT Perpetual","8h","-0.0504%"
"2021-04-28 01:00:00","AXSUSDT Perpetual","8h","0.0100%"
"2021-04-27 17:00:00","AXSUSDT Perpetual","8h","0.0100%"
"2021-04-27 09:00:00","AXSUSDT Perpetual","8h","0.0100%"
"2021-04-27 01:00:00","AXSUSDT Perpetual","8h","0.0100%"
"2021-04-26 17:00:00","AXSUSDT Perpetual","8h","0.0100%"
"2021-04-26 09:00:00","AXSUSDT Perpetual","8h","0.0155%"
"2021-04-26 01:00:00","AXSUSDT Perpetual","8h","0.0100%"
"2021-04-25 17:00:00","AXSUSDT Perpetual","8h","0.0100%"
"2021-04-25 09:00:00","AXSUSDT Perpetual","8h","0.0181%"
"2021-04-25 01:00:00","AXSUSDT Perpetual","8h","0.0100%"
"2021-04-24 17:00:00","AXSUSDT Perpetual","8h","0.0100%"
"2021-04-24 09:00:00","AXSUSDT Perpetual","8h","0.0100%"
"2021-04-24 01:00:00","AXSUSDT Perpetual","8h","0.0100%"
"2021-04-23 17:00:00","AXSUSDT Perpetual","8h","-0.0072%"
"2021-04-23 09:00:00","AXSUSDT Perpetual","8h","0.0100%"
"2021-04-23 01:00:00","AXSUSDT Perpetual","8h","0.0086%"
"2021-04-22 17:00:00","AXSUSDT Perpetual","8h","0.0277%"
"2021-04-22 09:00:00","AXSUSDT Perpetual","8h","-0.0411%"
"2021-04-22 01:00:00","AXSUSDT Perpetual","8h","0.0100%"
"2021-04-21 17:00:00","AXSUSDT Perpetual","8h","0.0335%"
"2021-04-21 09:00:00","AXSUSDT Perpetual","8h","0.0100%"
"2021-04-21 01:00:00","AXSUSDT Perpetual","8h","0.0100%"
"2021-04-20 17:00:00","AXSUSDT Perpetual","8h","0.0100%"
"2021-04-20 09:00:00","AXSUSDT Perpetual","8h","-0.1305%"
"2021-04-20 01:00:00","AXSUSDT Perpetual","8h","0.0100%"
"2021-04-19 17:00:00","AXSUSDT Perpetual","8h","-0.0747%"
"2021-04-19 09:00:00","AXSUSDT Perpetual","8h","0.0100%"
"2021-04-19 01:00:00","AXSUSDT Perpetual","8h","-0.0298%"
"2021-04-18 17:00:00","AXSUSDT Perpetual","8h","-0.0646%"
"2021-04-18 09:00:00","AXSUSDT Perpetual","8h","-0.0485%"
"2021-04-18 01:00:00","AXSUSDT Perpetual","8h","0.1878%"
"2021-04-17 17:00:00","AXSUSDT Perpetual","8h","0.1957%"
"2021-04-17 09:00:00","AXSUSDT Perpetual","8h","0.2684%"
"2021-04-17 01:00:00","AXSUSDT Perpetual","8h","0.2476%"
"2021-04-16 17:00:00","AXSUSDT Perpetual","8h","0.2178%"
"2021-04-16 09:00:00","AXSUSDT Perpetual","8h","0.2026%"
"2021-04-16 01:00:00","AXSUSDT Perpetual","8h","0.1000%"
"2021-04-15 17:00:00","AXSUSDT Perpetual","8h","0.1385%"
"2021-04-15 09:00:00","AXSUSDT Perpetual","8h","0.1186%"
"2021-04-15 01:00:00","AXSUSDT Perpetual","8h","0.0846%"
"2021-04-14 17:00:00","AXSUSDT Perpetual","8h","0.0738%"
"2021-04-14 09:00:00","AXSUSDT Perpetual","8h","0.2912%"
"2021-04-14 01:00:00","AXSUSDT Perpetual","8h","0.1096%"
"2021-04-13 17:00:00","AXSUSDT Perpetual","8h","0.2025%"
"2021-04-13 09:00:00","AXSUSDT Perpetual","8h","0.0873%"
"2021-04-13 01:00:00","AXSUSDT Perpetual","8h","0.1227%"
"2021-04-12 17:00:00","AXSUSDT Perpetual","8h","0.1032%"
"2021-04-12 09:00:00","AXSUSDT Perpetual","8h","0.0757%"
"2021-04-12 01:00:00","AXSUSDT Perpetual","8h","0.1758%"
"2021-04-11 17:00:00","AXSUSDT Perpetual","8h","0.1967%"
"2021-04-11 09:00:00","AXSUSDT Perpetual","8h","0.1935%"
"2021-04-11 01:00:00","AXSUSDT Perpetual","8h","0.1493%"
"2021-04-10 17:00:00","AXSUSDT Perpetual","8h","0.1469%"
"2021-04-10 09:00:00","AXSUSDT Perpetual","8h","0.2173%"
"2021-04-10 01:00:00","AXSUSDT Perpetual","8h","0.0649%"
"2021-04-09 17:00:00","AXSUSDT Perpetual","8h","0.1648%"
"2021-04-09 09:00:00","AXSUSDT Perpetual","8h","0.0583%"
"2021-04-09 01:00:00","AXSUSDT Perpetual","8h","0.0162%"
"2021-04-08 17:00:00","AXSUSDT Perpetual","8h","0.0527%"
"2021-04-08 09:00:00","AXSUSDT Perpetual","8h","0.0648%"
"2021-04-08 01:00:00","AXSUSDT Perpetual","8h","0.0100%"
"2021-04-07 17:00:00","AXSUSDT Perpetual","8h","0.0417%"
"2021-04-07 09:00:00","AXSUSDT Perpetual","8h","0.1647%"
"2021-04-07 01:00:00","AXSUSDT Perpetual","8h","0.1626%"
"2021-04-06 17:00:00","AXSUSDT Perpetual","8h","0.2043%"
"2021-04-06 09:00:00","AXSUSDT Perpetual","8h","-0.0794%"
"2021-04-06 01:00:00","AXSUSDT Perpetual","8h","0.1554%"
"2021-04-05 17:00:00","AXSUSDT Perpetual","8h","-0.2545%"
"2021-04-05 09:00:00","AXSUSDT Perpetual","8h","-0.1258%"
"2021-04-05 01:00:00","AXSUSDT Perpetual","8h","0.1487%"
"2021-04-04 17:00:00","AXSUSDT Perpetual","8h","0.0905%"
"2021-04-04 09:00:00","AXSUSDT Perpetual","8h","0.1088%"
"2021-04-04 01:00:00","AXSUSDT Perpetual","8h","0.0624%"
"2021-04-03 17:00:00","AXSUSDT Perpetual","8h","0.2856%"
"2021-04-03 09:00:00","AXSUSDT Perpetual","8h","0.2795%"
"2021-04-03 01:00:00","AXSUSDT Perpetual","8h","0.1495%"
"2021-04-02 17:00:00","AXSUSDT Perpetual","8h","0.1676%"
"2021-04-02 09:00:00","AXSUSDT Perpetual","8h","0.2708%"
"2021-04-02 01:00:00","AXSUSDT Perpetual","8h","0.1429%"
"2021-04-01 17:00:00","AXSUSDT Perpetual","8h","0.2356%"
"2021-04-01 09:00:00","AXSUSDT Perpetual","8h","0.2108%"
"2021-04-01 01:00:00","AXSUSDT Perpetual","8h","0.1796%"
"2021-03-31 17:00:00","AXSUSDT Perpetual","8h","0.0950%"
"2021-03-31 09:00:00","AXSUSDT Perpetual","8h","0.1739%"
"2021-03-31 01:00:00","AXSUSDT Perpetual","8h","0.0909%"
"2021-03-30 17:00:00","AXSUSDT Perpetual","8h","0.2484%"
"2021-03-30 09:00:00","AXSUSDT Perpetual","8h","-0.0261%"
"2021-03-30 01:00:00","AXSUSDT Perpetual","8h","0.0273%"
"2021-03-29 17:00:00","AXSUSDT Perpetual","8h","0.0569%"
"2021-03-29 09:00:00","AXSUSDT Perpetual","8h","0.0100%"
"2021-03-29 01:00:00","AXSUSDT Perpetual","8h","0.0373%"
"2021-03-28 17:00:00","AXSUSDT Perpetual","8h","0.0100%"
"2021-03-28 09:00:00","AXSUSDT Perpetual","8h","0.0317%"
"2021-03-28 00:00:00","AXSUSDT Perpetual","8h","0.0490%"
"2021-03-27 16:00:00","AXSUSDT Perpetual","8h","0.0438%"
"2021-03-27 08:00:00","AXSUSDT Perpetual","8h","0.0100%"
"2021-03-27 00:00:00","AXSUSDT Perpetual","8h","0.0100%"
"2021-03-26 16:00:00","AXSUSDT Perpetual","8h","0.0100%"
"2021-03-26 08:00:00","AXSUSDT Perpetual","8h","0.0100%"
"2021-03-26 00:00:00","AXSUSDT Perpetual","8h","0.0100%"
"2021-03-25 16:00:00","AXSUSDT Perpetual","8h","0.0100%"
"2021-03-25 08:00:00","AXSUSDT Perpetual","8h","0.0100%"
"2021-03-25 00:00:00","AXSUSDT Perpetual","8h","0.0100%"
"2021-03-24 16:00:00","AXSUSDT Perpetual","8h","0.0594%"
"2021-03-24 08:00:00","AXSUSDT Perpetual","8h","0.0152%"
"2021-03-24 00:00:00","AXSUSDT Perpetual","8h","0.0416%"
"2021-03-23 16:00:00","AXSUSDT Perpetual","8h","0.0557%"
"2021-03-23 08:00:00","AXSUSDT Perpetual","8h","0.0493%"
"2021-03-23 00:00:00","AXSUSDT Perpetual","8h","0.0715%"
"2021-03-22 16:00:00","AXSUSDT Perpetual","8h","0.1749%"
"2021-03-22 08:00:00","AXSUSDT Perpetual","8h","0.1086%"
"2021-03-22 00:00:00","AXSUSDT Perpetual","8h","0.1111%"
"2021-03-21 16:00:00","AXSUSDT Perpetual","8h","0.1165%"
"2021-03-21 08:00:00","AXSUSDT Perpetual","8h","0.1006%"
"2021-03-21 00:00:00","AXSUSDT Perpetual","8h","0.1843%"
"2021-03-20 16:00:00","AXSUSDT Perpetual","8h","0.2850%"
"2021-03-20 08:00:00","AXSUSDT Perpetual","8h","0.2478%"
"2021-03-20 00:00:00","AXSUSDT Perpetual","8h","0.1752%"
"2021-03-19 16:00:00","AXSUSDT Perpetual","8h","0.1898%"
"2021-03-19 08:00:00","AXSUSDT Perpetual","8h","0.1213%"
"2021-03-19 00:00:00","AXSUSDT Perpetual","8h","0.1076%"
"2021-03-18 16:00:00","AXSUSDT Perpetual","8h","0.1727%"
"2021-03-18 08:00:00","AXSUSDT Perpetual","8h","0.1855%"
"2021-03-18 00:00:00","AXSUSDT Perpetual","8h","0.2010%"
"2021-03-17 16:00:00","AXSUSDT Perpetual","8h","0.0863%"
"2021-03-17 08:00:00","AXSUSDT Perpetual","8h","0.1493%"
"2021-03-17 00:00:00","AXSUSDT Perpetual","8h","0.1140%"
"2021-03-16 16:00:00","AXSUSDT Perpetual","8h","0.0239%"
"2021-03-16 08:00:00","AXSUSDT Perpetual","8h","0.0404%"
"2021-03-16 00:00:00","AXSUSDT Perpetual","8h","0.0463%"
"2021-03-15 16:00:00","AXSUSDT Perpetual","8h","0.0100%"
"2021-03-15 08:00:00","AXSUSDT Perpetual","8h","0.1451%"
"2021-03-15 00:00:00","AXSUSDT Perpetual","8h","0.1354%"
"2021-03-14 16:00:00","AXSUSDT Perpetual","8h","0.0593%"
"2021-03-14 08:00:00","AXSUSDT Perpetual","8h","0.0900%"
"2021-03-14 00:00:00","AXSUSDT Perpetual","8h","0.1460%"
"2021-03-13 16:00:00","AXSUSDT Perpetual","8h","0.1760%"
"2021-03-13 08:00:00","AXSUSDT Perpetual","8h","0.0592%"
"2021-03-13 00:00:00","AXSUSDT Perpetual","8h","0.0816%"
"2021-03-12 16:00:00","AXSUSDT Perpetual","8h","0.0304%"
"2021-03-12 08:00:00","AXSUSDT Perpetual","8h","0.0750%"
"2021-03-12 00:00:00","AXSUSDT Perpetual","8h","0.0365%"
"2021-03-11 16:00:00","AXSUSDT Perpetual","8h","0.0231%"
"2021-03-11 08:00:00","AXSUSDT Perpetual","8h","0.0462%"
"2021-03-11 00:00:00","AXSUSDT Perpetual","8h","0.0558%"
"2021-03-10 16:00:00","AXSUSDT Perpetual","8h","0.0656%"
"2021-03-10 08:00:00","AXSUSDT Perpetual","8h","0.0100%"
"2021-03-10 00:00:00","AXSUSDT Perpetual","8h","0.1955%"
"2021-03-09 16:00:00","AXSUSDT Perpetual","8h","0.2031%"
"2021-03-09 08:00:00","AXSUSDT Perpetual","8h","0.1761%"
"2021-03-09 00:00:00","AXSUSDT Perpetual","8h","0.0287%"
"2021-03-08 16:00:00","AXSUSDT Perpetual","8h","0.0193%"
"2021-03-08 08:00:00","AXSUSDT Perpetual","8h","0.0120%"
"2021-03-08 00:00:00","AXSUSDT Perpetual","8h","0.0100%"
"2021-03-07 16:00:00","AXSUSDT Perpetual","8h","0.0100%"
"2021-03-07 08:00:00","AXSUSDT Perpetual","8h","0.0100%"
"2021-03-07 00:00:00","AXSUSDT Perpetual","8h","0.0100%"
"2021-03-06 16:00:00","AXSUSDT Perpetual","8h","0.0100%"
"2021-03-06 08:00:00","AXSUSDT Perpetual","8h","0.1213%"
"2021-03-06 00:00:00","AXSUSDT Perpetual","8h","0.0100%"
"2021-03-05 16:00:00","AXSUSDT Perpetual","8h","0.0100%"
"2021-03-05 08:00:00","AXSUSDT Perpetual","8h","0.0118%"
"2021-03-05 00:00:00","AXSUSDT Perpetual","8h","0.0149%"
"2021-03-04 16:00:00","AXSUSDT Perpetual","8h","0.0100%"
"2021-03-04 08:00:00","AXSUSDT Perpetual","8h","0.0100%"
"2021-03-04 00:00:00","AXSUSDT Perpetual","8h","0.0100%"
"2021-03-03 16:00:00","AXSUSDT Perpetual","8h","0.0100%"
"2021-03-03 08:00:00","AXSUSDT Perpetual","8h","0.0100%"
"2021-03-03 00:00:00","AXSUSDT Perpetual","8h","0.0100%"
"2021-03-02 16:00:00","AXSUSDT Perpetual","8h","0.0100%"
"2021-03-02 08:00:00","AXSUSDT Perpetual","8h","0.0100%"
"2021-03-02 00:00:00","AXSUSDT Perpetual","8h","0.0100%"
"2021-03-01 16:00:00","AXSUSDT Perpetual","8h","0.0100%"
"2021-03-01 08:00:00","AXSUSDT Perpetual","8h","0.0100%"
"2021-03-01 00:00:00","AXSUSDT Perpetual","8h","0.0100%"
"2021-02-28 16:00:00","AXSUSDT Perpetual","8h","0.0100%"
"2021-02-28 08:00:00","AXSUSDT Perpetual","8h","0.0100%"
"2021-02-28 00:00:00","AXSUSDT Perpetual","8h","0.0100%"
"2021-02-27 16:00:00","AXSUSDT Perpetual","8h","0.0100%"
"2021-02-27 08:00:00","AXSUSDT Perpetual","8h","0.0100%"
"2021-02-27 00:00:00","AXSUSDT Perpetual","8h","0.0100%"
"2021-02-26 16:00:00","AXSUSDT Perpetual","8h","0.0100%"
"2021-02-26 08:00:00","AXSUSDT Perpetual","8h","0.0100%"
"2021-02-26 00:00:00","AXSUSDT Perpetual","8h","0.0100%"
"2021-02-25 16:00:00","AXSUSDT Perpetual","8h","0.0100%"
"2021-02-25 08:00:00","AXSUSDT Perpetual","8h","0.0100%"
"2021-02-25 00:00:00","AXSUSDT Perpetual","8h","0.0100%"
"2021-02-24 16:00:00","AXSUSDT Perpetual","8h","0.0100%"
"2021-02-24 08:00:00","AXSUSDT Perpetual","8h","0.0100%"
"2021-02-24 00:00:00","AXSUSDT Perpetual","8h","0.0100%"
"2021-02-23 16:00:00","AXSUSDT Perpetual","8h","0.0100%"
"2021-02-23 08:00:00","AXSUSDT Perpetual","8h","0.0100%"
"2021-02-23 00:00:00","AXSUSDT Perpetual","8h","0.0100%"
"2021-02-22 16:00:00","AXSUSDT Perpetual","8h","0.0100%"
"2021-02-22 08:00:00","AXSUSDT Perpetual","8h","0.0833%"
"2021-02-22 00:00:00","AXSUSDT Perpetual","8h","0.0579%"
"2021-02-21 16:00:00","AXSUSDT Perpetual","8h","0.0260%"
"2021-02-21 08:00:00","AXSUSDT Perpetual","8h","0.0100%"
"2021-02-21 00:00:00","AXSUSDT Perpetual","8h","0.0947%"
"2021-02-20 16:00:00","AXSUSDT Perpetual","8h","0.4413%"
"2021-02-20 08:00:00","AXSUSDT Perpetual","8h","0.4465%"
"2021-02-20 00:00:00","AXSUSDT Perpetual","8h","0.3599%"
"2021-02-19 16:00:00","AXSUSDT Perpetual","8h","0.4434%"
"2021-02-19 08:00:00","AXSUSDT Perpetual","8h","0.1899%"
"2021-02-19 00:00:00","AXSUSDT Perpetual","8h","0.2523%"
"2021-02-18 16:00:00","AXSUSDT Perpetual","8h","0.1584%"
"2021-02-18 08:00:00","AXSUSDT Perpetual","8h","0.1358%"
"2021-02-18 00:00:00","AXSUSDT Perpetual","8h","0.2939%"
"2021-02-17 16:00:00","AXSUSDT Perpetual","8h","0.2400%"
"2021-02-17 08:00:00","AXSUSDT Perpetual","8h","0.0722%"
"2021-02-17 00:00:00","AXSUSDT Perpetual","8h","0.0312%"
"2021-02-16 16:00:00","AXSUSDT Perpetual","8h","0.0181%"
"2021-02-16 08:00:00","AXSUSDT Perpetual","8h","0.0100%"
"2021-02-16 00:00:00","AXSUSDT Perpetual","8h","0.0423%"
"2021-02-15 16:00:00","AXSUSDT Perpetual","8h","0.0831%"
"2021-02-15 08:00:00","AXSUSDT Perpetual","8h","0.0304%"
"2021-02-15 00:00:00","AXSUSDT Perpetual","8h","0.1414%"
"2021-02-14 16:00:00","AXSUSDT Perpetual","8h","0.3241%"
"2021-02-14 08:00:00","AXSUSDT Perpetual","8h","0.2496%"
"2021-02-14 00:00:00","AXSUSDT Perpetual","8h","0.2611%"
"2021-02-13 16:00:00","AXSUSDT Perpetual","8h","0.2301%"
"2021-02-13 08:00:00","AXSUSDT Perpetual","8h","0.6999%"
"2021-02-13 00:00:00","AXSUSDT Perpetual","8h","0.4600%"
"2021-02-12 16:00:00","AXSUSDT Perpetual","8h","0.3272%"
"2021-02-12 08:00:00","AXSUSDT Perpetual","8h","0.2887%"
"2021-02-12 00:00:00","AXSUSDT Perpetual","8h","0.2412%"
"2021-02-11 16:00:00","AXSUSDT Perpetual","8h","0.2099%"
"2021-02-11 08:00:00","AXSUSDT Perpetual","8h","0.0678%"
"2021-02-11 00:00:00","AXSUSDT Perpetual","8h","0.0146%"
"2021-02-10 16:00:00","AXSUSDT Perpetual","8h","0.1862%"
"2021-02-10 08:00:00","AXSUSDT Perpetual","8h","0.3404%"
"2021-02-10 00:00:00","AXSUSDT Perpetual","8h","0.4631%"
"2021-02-09 16:00:00","AXSUSDT Perpetual","8h","0.2759%"
"2021-02-09 08:00:00","AXSUSDT Perpetual","8h","0.4552%"
"2021-02-09 00:00:00","AXSUSDT Perpetual","8h","0.3485%"
"2021-02-08 16:00:00","AXSUSDT Perpetual","8h","0.2305%"
"2021-02-08 08:00:00","AXSUSDT Perpetual","8h","0.0100%"
"2021-02-08 00:00:00","AXSUSDT Perpetual","8h","0.0100%"
"2021-02-07 16:00:00","AXSUSDT Perpetual","8h","0.0596%"
"2021-02-07 08:00:00","AXSUSDT Perpetual","8h","0.0327%"
"2021-02-07 00:00:00","AXSUSDT Perpetual","8h","0.1577%"
"2021-02-06 16:00:00","AXSUSDT Perpetual","8h","0.0589%"
"2021-02-06 08:00:00","AXSUSDT Perpetual","8h","0.0454%"
"2021-02-06 00:00:00","AXSUSDT Perpetual","8h","0.2652%"
"2021-02-05 16:00:00","AXSUSDT Perpetual","8h","0.4137%"
"2021-02-05 08:00:00","AXSUSDT Perpetual","8h","0.3710%"
"2021-02-05 00:00:00","AXSUSDT Perpetual","8h","0.1694%"
"2021-02-04 16:00:00","AXSUSDT Perpetual","8h","0.0723%"
"2021-02-04 08:00:00","AXSUSDT Perpetual","8h","0.2904%"
"2021-02-04 00:00:00","AXSUSDT Perpetual","8h","0.2144%"
"2021-02-03 16:00:00","AXSUSDT Perpetual","8h","0.2837%"
"2021-02-03 08:00:00","AXSUSDT Perpetual","8h","0.2886%"
"2021-02-03 00:00:00","AXSUSDT Perpetual","8h","0.1971%"
"2021-02-02 16:00:00","AXSUSDT Perpetual","8h","0.1838%"
"2021-02-02 08:00:00","AXSUSDT Perpetual","8h","0.0576%"
"2021-02-02 00:00:00","AXSUSDT Perpetual","8h","0.0713%"
"2021-02-01 16:00:00","AXSUSDT Perpetual","8h","0.1245%"
"2021-02-01 08:00:00","AXSUSDT Perpetual","8h","0.0183%"
"2021-02-01 00:00:00","AXSUSDT Perpetual","8h","0.0541%"
"2021-01-31 16:00:00","AXSUSDT Perpetual","8h","0.1317%"
"2021-01-31 08:00:00","AXSUSDT Perpetual","8h","0.1029%"
"2021-01-31 00:00:00","AXSUSDT Perpetual","8h","0.0465%"
"2021-01-30 16:00:00","AXSUSDT Perpetual","8h","0.0889%"
"2021-01-30 08:00:00","AXSUSDT Perpetual","8h","0.0279%"
"2021-01-30 00:00:00","AXSUSDT Perpetual","8h","0.0249%"
"2021-01-29 16:00:00","AXSUSDT Perpetual","8h","0.1561%"
"2021-01-29 08:00:00","AXSUSDT Perpetual","8h","0.1173%"
"2021-01-29 00:00:00","AXSUSDT Perpetual","8h","0.0471%"
"2021-01-28 16:00:00","AXSUSDT Perpetual","8h","0.0306%"
"2021-01-28 08:00:00","AXSUSDT Perpetual","8h","0.0574%"
"2021-01-28 00:00:00","AXSUSDT Perpetual","8h","0.0129%"
"2021-01-27 16:00:00","AXSUSDT Perpetual","8h","0.0221%"
"2021-01-27 08:00:00","AXSUSDT Perpetual","8h","0.0274%"
"2021-01-27 00:00:00","AXSUSDT Perpetual","8h","0.0664%"
"2021-01-26 16:00:00","AXSUSDT Perpetual","8h","0.0100%"
"2021-01-26 08:00:00","AXSUSDT Perpetual","8h","0.0100%"
"2021-01-26 00:00:00","AXSUSDT Perpetual","8h","0.0340%"
"2021-01-25 16:00:00","AXSUSDT Perpetual","8h","0.0654%"
"2021-01-25 08:00:00","AXSUSDT Perpetual","8h","0.0127%"
"2021-01-25 00:00:00","AXSUSDT Perpetual","8h","0.0100%"
"2021-01-24 16:00:00","AXSUSDT Perpetual","8h","0.0404%"
"2021-01-24 08:00:00","AXSUSDT Perpetual","8h","0.0313%"
"2021-01-24 00:00:00","AXSUSDT Perpetual","8h","0.0261%"
"2021-01-23 16:00:00","AXSUSDT Perpetual","8h","0.0234%"
"2021-01-23 08:00:00","AXSUSDT Perpetual","8h","0.0100%"
"2021-01-23 00:00:00","AXSUSDT Perpetual","8h","0.0100%"
"2021-01-22 16:00:00","AXSUSDT Perpetual","8h","0.0100%"
"2021-01-22 08:00:00","AXSUSDT Perpetual","8h","0.0100%"
"2021-01-22 00:00:00","AXSUSDT Perpetual","8h","0.0100%"
"2021-01-21 16:00:00","AXSUSDT Perpetual","8h","0.0415%"
"2021-01-21 08:00:00","AXSUSDT Perpetual","8h","0.0357%"
"2021-01-21 00:00:00","AXSUSDT Perpetual","8h","0.0150%"
"2021-01-20 16:00:00","AXSUSDT Perpetual","8h","0.0100%"
"2021-01-20 08:00:00","AXSUSDT Perpetual","8h","0.0473%"
"2021-01-20 00:00:00","AXSUSDT Perpetual","8h","0.0321%"
"2021-01-19 16:00:00","AXSUSDT Perpetual","8h","0.0860%"
"2021-01-19 08:00:00","AXSUSDT Perpetual","8h","0.1814%"
"2021-01-19 00:00:00","AXSUSDT Perpetual","8h","0.0948%"
"2021-01-18 16:00:00","AXSUSDT Perpetual","8h","0.1181%"
"2021-01-18 08:00:00","AXSUSDT Perpetual","8h","0.1037%"
"2021-01-18 00:00:00","AXSUSDT Perpetual","8h","0.1064%"
"2021-01-17 16:00:00","AXSUSDT Perpetual","8h","0.0368%"
"2021-01-17 08:00:00","AXSUSDT Perpetual","8h","0.0227%"
"2021-01-17 00:00:00","AXSUSDT Perpetual","8h","0.0100%"
"2021-01-16 16:00:00","AXSUSDT Perpetual","8h","0.1684%"
"2021-01-16 08:00:00","AXSUSDT Perpetual","8h","0.0729%"
"2021-01-16 00:00:00","AXSUSDT Perpetual","8h","0.0100%"
"2021-01-15 16:00:00","AXSUSDT Perpetual","8h","0.0427%"
"2021-01-15 08:00:00","AXSUSDT Perpetual","8h","0.0544%"
"2021-01-15 00:00:00","AXSUSDT Perpetual","8h","0.0100%"
"2021-01-14 16:00:00","AXSUSDT Perpetual","8h","0.0100%"
"2021-01-14 08:00:00","AXSUSDT Perpetual","8h","0.0100%"
"2021-01-14 00:00:00","AXSUSDT Perpetual","8h","0.0100%"
"2021-01-13 16:00:00","AXSUSDT Perpetual","8h","0.0100%"
"2021-01-13 08:00:00","AXSUSDT Perpetual","8h","0.0100%"
"2021-01-13 00:00:00","AXSUSDT Perpetual","8h","0.0100%"
"2021-01-12 16:00:00","AXSUSDT Perpetual","8h","0.0100%"
"2021-01-12 08:00:00","AXSUSDT Perpetual","8h","0.0100%"
"2021-01-12 00:00:00","AXSUSDT Perpetual","8h","0.0100%"
"2021-01-11 16:00:00","AXSUSDT Perpetual","8h","0.0100%"
"2021-01-11 08:00:00","AXSUSDT Perpetual","8h","0.0100%"
"2021-01-11 00:00:00","AXSUSDT Perpetual","8h","0.0100%"
"2021-01-10 16:00:00","AXSUSDT Perpetual","8h","0.0285%"
"2021-01-10 08:00:00","AXSUSDT Perpetual","8h","0.2664%"
"2021-01-10 00:00:00","AXSUSDT Perpetual","8h","0.2201%"
"2021-01-09 16:00:00","AXSUSDT Perpetual","8h","0.1488%"
"2021-01-09 08:00:00","AXSUSDT Perpetual","8h","0.0972%"
"2021-01-09 00:00:00","AXSUSDT Perpetual","8h","0.0781%"
"2021-01-08 16:00:00","AXSUSDT Perpetual","8h","0.0937%"
"2021-01-08 08:00:00","AXSUSDT Perpetual","8h","0.0174%"
"2021-01-08 00:00:00","AXSUSDT Perpetual","8h","0.0914%"
"2021-01-07 16:00:00","AXSUSDT Perpetual","8h","0.3207%"
"2021-01-07 08:00:00","AXSUSDT Perpetual","8h","0.2733%"
"2021-01-07 00:00:00","AXSUSDT Perpetual","8h","0.1228%"
"2021-01-06 16:00:00","AXSUSDT Perpetual","8h","0.2170%"
"2021-01-06 08:00:00","AXSUSDT Perpetual","8h","0.1286%"
"2021-01-06 00:00:00","AXSUSDT Perpetual","8h","0.0827%"
"2021-01-05 16:00:00","AXSUSDT Perpetual","8h","0.0859%"
"2021-01-05 08:00:00","AXSUSDT Perpetual","8h","0.0100%"
"2021-01-05 00:00:00","AXSUSDT Perpetual","8h","0.0583%"
"2021-01-04 16:00:00","AXSUSDT Perpetual","8h","0.0653%"
"2021-01-04 08:00:00","AXSUSDT Perpetual","8h","0.4524%"
"2021-01-04 00:00:00","AXSUSDT Perpetual","8h","0.1947%"
"2021-01-03 16:00:00","AXSUSDT Perpetual","8h","0.1184%"
"2021-01-03 08:00:00","AXSUSDT Perpetual","8h","0.0813%"
"2021-01-03 00:00:00","AXSUSDT Perpetual","8h","0.0588%"
"2021-01-02 16:00:00","AXSUSDT Perpetual","8h","0.0974%"
"2021-01-02 08:00:00","AXSUSDT Perpetual","8h","0.0100%"
"2021-01-02 00:00:00","AXSUSDT Perpetual","8h","0.0277%"
"2021-01-01 16:00:00","AXSUSDT Perpetual","8h","0.0494%"
"2021-01-01 08:00:00","AXSUSDT Perpetual","8h","0.0539%"
"2021-01-01 00:00:00","AXSUSDT Perpetual","8h","0.0287%"
"2020-12-31 16:00:00","AXSUSDT Perpetual","8h","0.0305%"
"2020-12-31 08:00:00","AXSUSDT Perpetual","8h","0.0786%"
"2020-12-31 00:00:00","AXSUSDT Perpetual","8h","0.0283%"
"2020-12-30 16:00:00","AXSUSDT Perpetual","8h","0.0277%"
"2020-12-30 08:00:00","AXSUSDT Perpetual","8h","0.0378%"
"2020-12-30 00:00:00","AXSUSDT Perpetual","8h","0.0100%"
"2020-12-29 16:00:00","AXSUSDT Perpetual","8h","0.0260%"
"2020-12-29 08:00:00","AXSUSDT Perpetual","8h","0.0100%"
"2020-12-29 00:00:00","AXSUSDT Perpetual","8h","0.0364%"
"2020-12-28 16:00:00","AXSUSDT Perpetual","8h","0.0492%"
"2020-12-28 08:00:00","AXSUSDT Perpetual","8h","0.0100%"
"2020-12-28 00:00:00","AXSUSDT Perpetual","8h","0.0129%"
"2020-12-27 16:00:00","AXSUSDT Perpetual","8h","0.0180%"
"2020-12-27 08:00:00","AXSUSDT Perpetual","8h","0.0100%"
"2020-12-27 00:00:00","AXSUSDT Perpetual","8h","0.0100%"
"2020-12-26 16:00:00","AXSUSDT Perpetual","8h","0.0100%"
"2020-12-26 08:00:00","AXSUSDT Perpetual","8h","0.0100%"
"2020-12-26 00:00:00","AXSUSDT Perpetual","8h","0.0106%"
"2020-12-25 16:00:00","AXSUSDT Perpetual","8h","0.0100%"
"2020-12-25 08:00:00","AXSUSDT Perpetual","8h","0.0100%"
"2020-12-25 00:00:00","AXSUSDT Perpetual","8h","0.0100%"
"2020-12-24 16:00:00","AXSUSDT Perpetual","8h","0.0100%"
"2020-12-24 08:00:00","AXSUSDT Perpetual","8h","0.0100%"
"2020-12-24 00:00:00","AXSUSDT Perpetual","8h","0.0100%"
"2020-12-23 16:00:00","AXSUSDT Perpetual","8h","0.0100%"
"2020-12-23 08:00:00","AXSUSDT Perpetual","8h","0.0252%"
"2020-12-23 00:00:00","AXSUSDT Perpetual","8h","0.0274%"
"2020-12-22 16:00:00","AXSUSDT Perpetual","8h","0.0341%"
"2020-12-22 08:00:00","AXSUSDT Perpetual","8h","0.0303%"
"2020-12-22 00:00:00","AXSUSDT Perpetual","8h","0.0100%"
"2020-12-21 16:00:00","AXSUSDT Perpetual","8h","0.0100%"
"2020-12-21 08:00:00","AXSUSDT Perpetual","8h","0.0594%"
"2020-12-21 00:00:00","AXSUSDT Perpetual","8h","0.0323%"
"2020-12-20 16:00:00","AXSUSDT Perpetual","8h","0.0967%"
"2020-12-20 08:00:00","AXSUSDT Perpetual","8h","0.0567%"
"2020-12-20 00:00:00","AXSUSDT Perpetual","8h","0.1713%"
"2020-12-19 16:00:00","AXSUSDT Perpetual","8h","0.1400%"
"2020-12-19 08:00:00","AXSUSDT Perpetual","8h","0.1017%"
"2020-12-19 00:00:00","AXSUSDT Perpetual","8h","0.0367%"
"2020-12-18 16:00:00","AXSUSDT Perpetual","8h","0.0619%"
"2020-12-18 08:00:00","AXSUSDT Perpetual","8h","0.0579%"
"2020-12-18 00:00:00","AXSUSDT Perpetual","8h","0.0777%"
"2020-12-17 16:00:00","AXSUSDT Perpetual","8h","0.2002%"
"2020-12-17 08:00:00","AXSUSDT Perpetual","8h","0.0610%"
"2020-12-17 00:00:00","AXSUSDT Perpetual","8h","0.0673%"
"2020-12-16 16:00:00","AXSUSDT Perpetual","8h","0.0576%"
"2020-12-16 08:00:00","AXSUSDT Perpetual","8h","0.0100%"
"2020-12-16 00:00:00","AXSUSDT Perpetual","8h","0.0100%"
"2020-12-15 16:00:00","AXSUSDT Perpetual","8h","0.0478%"
"2020-12-15 08:00:00","AXSUSDT Perpetual","8h","0.0319%"
"2020-12-15 00:00:00","AXSUSDT Perpetual","8h","0.0100%"
"2020-12-14 16:00:00","AXSUSDT Perpetual","8h","0.0100%"
"2020-12-14 08:00:00","AXSUSDT Perpetual","8h","0.0190%"
"2020-12-14 00:00:00","AXSUSDT Perpetual","8h","0.0100%"
"2020-12-13 16:00:00","AXSUSDT Perpetual","8h","0.0100%"
"2020-12-13 08:00:00","AXSUSDT Perpetual","8h","0.0100%"
"2020-12-13 00:00:00","AXSUSDT Perpetual","8h","0.0100%"
"2020-12-12 16:00:00","AXSUSDT Perpetual","8h","0.0100%"
"2020-12-12 08:00:00","AXSUSDT Perpetual","8h","0.0100%"
"2020-12-12 00:00:00","AXSUSDT Perpetual","8h","0.0100%"
"2020-12-11 16:00:00","AXSUSDT Perpetual","8h","0.0100%"
"2020-12-11 08:00:00","AXSUSDT Perpetual","8h","0.0100%"
"2020-12-11 00:00:00","AXSUSDT Perpetual","8h","0.0361%"
"2020-12-10 16:00:00","AXSUSDT Perpetual","8h","0.0100%"
"2020-12-10 08:00:00","AXSUSDT Perpetual","8h","0.0389%"
"2020-12-10 00:00:00","AXSUSDT Perpetual","8h","0.0221%"
"2020-12-09 16:00:00","AXSUSDT Perpetual","8h","0.0100%"
"2020-12-09 08:00:00","AXSUSDT Perpetual","8h","0.0106%"
"2020-12-09 00:00:00","AXSUSDT Perpetual","8h","0.0119%"
"2020-12-08 16:00:00","AXSUSDT Perpetual","8h","0.0100%"
"2020-12-08 08:00:00","AXSUSDT Perpetual","8h","0.0100%"
"2020-12-08 00:00:00","AXSUSDT Perpetual","8h","0.0100%"
"2020-12-07 16:00:00","AXSUSDT Perpetual","8h","0.0100%"
"2020-12-07 08:00:00","AXSUSDT Perpetual","8h","0.0100%"
"2020-12-07 00:00:00","AXSUSDT Perpetual","8h","0.0100%"
"2020-12-06 16:00:00","AXSUSDT Perpetual","8h","0.0100%"
"2020-12-06 08:00:00","AXSUSDT Perpetual","8h","0.0100%"
"2020-12-06 00:00:00","AXSUSDT Perpetual","8h","0.0100%"
"2020-12-05 16:00:00","AXSUSDT Perpetual","8h","0.0100%"
"2020-12-05 08:00:00","AXSUSDT Perpetual","8h","0.0100%"
"2020-12-05 00:00:00","AXSUSDT Perpetual","8h","0.0100%"
"2020-12-04 16:00:00","AXSUSDT Perpetual","8h","0.0100%"
"2020-12-04 08:00:00","AXSUSDT Perpetual","8h","0.0100%"
"2020-12-04 00:00:00","AXSUSDT Perpetual","8h","0.0215%"
"2020-12-03 16:00:00","AXSUSDT Perpetual","8h","0.0251%"
"2020-12-03 08:00:00","AXSUSDT Perpetual","8h","0.0114%"
"2020-12-03 00:00:00","AXSUSDT Perpetual","8h","0.0200%"
"2020-12-02 16:00:00","AXSUSDT Perpetual","8h","0.0100%"
"2020-12-02 08:00:00","AXSUSDT Perpetual","8h","0.0100%"
"2020-12-02 00:00:00","AXSUSDT Perpetual","8h","0.0100%"
"2020-12-01 16:00:00","AXSUSDT Perpetual","8h","0.0100%"
"2020-12-01 08:00:00","AXSUSDT Perpetual","8h","0.0260%"
"2020-12-01 00:00:00","AXSUSDT Perpetual","8h","0.0100%"
"2020-11-30 16:00:00","AXSUSDT Perpetual","8h","0.0495%"
"2020-11-30 08:00:00","AXSUSDT Perpetual","8h","0.0100%"
"2020-11-30 00:00:00","AXSUSDT Perpetual","8h","-0.0223%"
"2020-11-29 16:00:00","AXSUSDT Perpetual","8h","-0.0025%"
"2020-11-29 08:00:00","AXSUSDT Perpetual","8h","-0.0281%"
"2020-11-29 00:00:00","AXSUSDT Perpetual","8h","0.0100%"
"2020-11-28 16:00:00","AXSUSDT Perpetual","8h","0.0100%"
"2020-11-28 08:00:00","AXSUSDT Perpetual","8h","0.0100%"
"2020-11-28 00:00:00","AXSUSDT Perpetual","8h","0.0100%"
"2020-11-27 16:00:00","AXSUSDT Perpetual","8h","0.0100%"
"2020-11-27 08:00:00","AXSUSDT Perpetual","8h","0.0100%"
"2020-11-27 00:00:00","AXSUSDT Perpetual","8h","0.0100%"
"2020-11-26 16:00:00","AXSUSDT Perpetual","8h","0.0100%"
"2020-11-26 08:00:00","AXSUSDT Perpetual","8h","0.0100%"
"2020-11-26 00:00:00","AXSUSDT Perpetual","8h","0.0543%"
"2020-11-25 16:00:00","AXSUSDT Perpetual","8h","0.0893%"
"2020-11-25 08:00:00","AXSUSDT Perpetual","8h","0.0383%"
"2020-11-25 00:00:00","AXSUSDT Perpetual","8h","0.0370%"
"2020-11-24 16:00:00","AXSUSDT Perpetual","8h","0.0530%"
"2020-11-24 08:00:00","AXSUSDT Perpetual","8h","0.2754%"
"2020-11-24 00:00:00","AXSUSDT Perpetual","8h","0.0580%"
"2020-11-23 16:00:00","AXSUSDT Perpetual","8h","0.1235%"
"2020-11-23 08:00:00","AXSUSDT Perpetual","8h","0.0536%"
"2020-11-23 00:00:00","AXSUSDT Perpetual","8h","0.0255%"
"2020-11-22 16:00:00","AXSUSDT Perpetual","8h","0.0100%"
"2020-11-22 08:00:00","AXSUSDT Perpetual","8h","0.0100%"
"2020-11-22 00:00:00","AXSUSDT Perpetual","8h","0.0739%"
"2020-11-21 16:00:00","AXSUSDT Perpetual","8h","0.1035%"
"2020-11-21 08:00:00","AXSUSDT Perpetual","8h","0.0152%"
"2020-11-21 00:00:00","AXSUSDT Perpetual","8h","0.0100%"
"2020-11-20 16:00:00","AXSUSDT Perpetual","8h","0.0602%"
"2020-11-20 08:00:00","AXSUSDT Perpetual","8h","0.0213%"